id,age,gender,education,pc_choice,pc_result,x,y,pc_choice_image,pc_choice_x,pc_choice_y,dist
5ff74e6871ad563cc351a006,35.0,Female,Bachelor's degree,top left,circle,119.0909090909091,133.63636363636363,https://hujipsych.au1.qualtrics.com/ControlPanel/Graphic.php?IM=IM_8latqR2dmR1KliB,136,125,18.986946364052454
60183237eb6259027c15520f,25.0,Female,"Some college, no degree",bottom left,square,83.63636363636364,217.27272727272725,https://hujipsych.au1.qualtrics.com/ControlPanel/Graphic.php?IM=IM_b7NoRPBiEKUTCSx,182,405,211.93615520787748
60920fb902b4f36fb41f6a07,36.0,Male,"Some college, no degree",bottom left,square,164.54545454545453,425.45454545454544,https://hujipsych.au1.qualtrics.com/ControlPanel/Graphic.php?IM=IM_b7NoRPBiEKUTCSx,182,405,26.889581379725108
6099a2ef98a16fd96561cd86,19.0,Female,"Some college, no degree",right,square,159.0909090909091,218.1818181818182,https://hujipsych.au1.qualtrics.com/ControlPanel/Graphic.php?IM=IM_9pn89UCXN7NgZa5,398,162,245.42605895304422
5b37f1837bc6be00010c9657,27.0,Male,"Some college, no degree",bottom left,circle,228.1818181818182,82.72727272727272,https://hujipsych.au1.qualtrics.com/ControlPanel/Graphic.php?IM=IM_9GriGioJDRBy5Vj,182,405,325.56484926106526
578b5e8ebaec1b0001696813,31.0,Other or prefer not to say,"Some college, no degree",bottom left,square,430.0,257.27272727272725,https://hujipsych.au1.qualtrics.com/ControlPanel/Graphic.php?IM=IM_b7NoRPBiEKUTCSx,182,405,288.66476596120634
5fadde431deea820c0b9fdc5,29.0,Male,"Some college, no degree",top left,circle,339.09090909090907,422.7272727272727,https://hujipsych.au1.qualtrics.com/ControlPanel/Graphic.php?IM=IM_8latqR2dmR1KliB,136,125,360.3990098224352
5ea533a52d770639a4609179,41.0,Female,Graduate or professional degree,top left,circle,343.6363636363636,326.3636363636364,https://hujipsych.au1.qualtrics.com/ControlPanel/Graphic.php?IM=IM_8iTQENQKp4ofTOl,136,125,289.2406844718063
5f0465a6997cb9063539f16b,44.0,Male,Graduate or professional degree,bottom left,circle,310.0,250.9090909090909,https://hujipsych.au1.qualtrics.com/ControlPanel/Graphic.php?IM=IM_9GriGioJDRBy5Vj,182,405,200.31976503695986
5e1f6f7aab132b2a6adc0309,28.0,Male,"Some college, no degree",right,circle,417.27272727272725,176.36363636363635,https://hujipsych.au1.qualtrics.com/ControlPanel/Graphic.php?IM=IM_aVrNwGFgrxpvt0F,398,162,24.036473662242994
5ff06a8c8ac1823bbf74b078,35.0,Female,Bachelor's degree,bottom left,square,349.09090909090907,97.27272727272727,https://hujipsych.au1.qualtrics.com/ControlPanel/Graphic.php?IM=IM_9GriGioJDRBy5Vj,182,405,350.16488442017106
58497529bd87380001552f71,41.0,Male,"Some college, no degree",bottom left,circle,371.8181818181818,140.0,https://hujipsych.au1.qualtrics.com/ControlPanel/Graphic.php?IM=IM_9GriGioJDRBy5Vj,182,405,325.96923497281205
5cdee58b1497a8000147ba77,26.0,Female,Bachelor's degree,right,circle,113.63636363636363,98.18181818181817,https://hujipsych.au1.qualtrics.com/ControlPanel/Graphic.php?IM=IM_9pn89UCXN7NgZa5,398,162,291.4368508211152
5f5056419089361d29808a06,27.0,Female,Graduate or professional degree,top left,circle,125.45454545454545,203.63636363636363,https://hujipsych.au1.qualtrics.com/ControlPanel/Graphic.php?IM=IM_8iTQENQKp4ofTOl,136,125,79.3403068907643
5d495ffc8e0dc50018999b7d,30.0,Female,Graduate or professional degree,right,square,180.0,278.1818181818182,https://hujipsych.au1.qualtrics.com/ControlPanel/Graphic.php?IM=IM_9pn89UCXN7NgZa5,398,162,247.02674931276786
5a554d85f6c517000194ad2b,36.0,Female,"Some college, no degree",top left,square,431.8181818181818,256.3636363636364,https://hujipsych.au1.qualtrics.com/ControlPanel/Graphic.php?IM=IM_8latqR2dmR1KliB,136,125,323.6739125306402
5b798bd4ae3bc00001387d4c,45.0,Male,Bachelor's degree,top left,square,205.45454545454544,182.72727272727272,https://hujipsych.au1.qualtrics.com/ControlPanel/Graphic.php?IM=IM_8iTQENQKp4ofTOl,136,125,90.312634225929
5f002c388830f10008a44103,28.0,Female,Graduate or professional degree,bottom left,circle,291.8181818181818,179.0909090909091,https://hujipsych.au1.qualtrics.com/ControlPanel/Graphic.php?IM=IM_9GriGioJDRBy5Vj,182,405,251.18708249673816
5c3c744dde5b6e000171396b,41.0,Female,Bachelor's degree,top left,square,441.8181818181818,354.54545454545456,https://hujipsych.au1.qualtrics.com/ControlPanel/Graphic.php?IM=IM_8iTQENQKp4ofTOl,136,125,382.3818458466064
603e0323293b95bb25fc2934,19.0,Female,"Some college, no degree",right,circle,209.0909090909091,252.72727272727272,https://hujipsych.au1.qualtrics.com/ControlPanel/Graphic.php?IM=IM_9pn89UCXN7NgZa5,398,162,209.56641583189827
5ecfe3097dd7c00728eb96ea,27.0,Female,Bachelor's degree,bottom left,square,294.54545454545456,297.27272727272725,https://hujipsych.au1.qualtrics.com/ControlPanel/Graphic.php?IM=IM_b7NoRPBiEKUTCSx,182,405,155.7935962358504
60008fdfbd8f53142ae0fa4f,42.0,Female,Bachelor's degree,right,square,110.9090909090909,372.7272727272727,https://hujipsych.au1.qualtrics.com/ControlPanel/Graphic.php?IM=IM_aVrNwGFgrxpvt0F,398,162,356.1280297220636
6016ab6898071181f0a6c99b,30.0,Female,Bachelor's degree,right,square,361.8181818181818,77.27272727272727,https://hujipsych.au1.qualtrics.com/ControlPanel/Graphic.php?IM=IM_9pn89UCXN7NgZa5,398,162,92.12944540560201
5e18a90788bbb5000b1fa144,36.0,Female,Bachelor's degree,top left,circle,403.6363636363636,276.3636363636364,https://hujipsych.au1.qualtrics.com/ControlPanel/Graphic.php?IM=IM_8latqR2dmR1KliB,136,125,307.47385832574287
5cdd23fcb00e8300156ffe74,30.0,Female,Bachelor's degree,right,square,343.6363636363636,166.36363636363635,https://hujipsych.au1.qualtrics.com/ControlPanel/Graphic.php?IM=IM_9pn89UCXN7NgZa5,398,162,54.53848440314175
5d83fc04e3cd6a00010bb09b,27.0,Male,"Some college, no degree",right,circle,114.54545454545455,97.27272727272727,https://hujipsych.au1.qualtrics.com/ControlPanel/Graphic.php?IM=IM_aVrNwGFgrxpvt0F,398,162,290.7509229109234
596602ba1d5c3e00012f10f2,30.0,Female,High school graduate (includes equivalency),bottom left,circle,238.1818181818182,336.3636363636364,https://hujipsych.au1.qualtrics.com/ControlPanel/Graphic.php?IM=IM_9GriGioJDRBy5Vj,182,405,88.69806710091272
571a1295c97ad400123ab3bd,41.0,Female,Graduate or professional degree,top left,circle,419.09090909090907,206.36363636363635,https://hujipsych.au1.qualtrics.com/ControlPanel/Graphic.php?IM=IM_8iTQENQKp4ofTOl,136,125,294.55136077131164
5dfb4689ecb3ea86da0fd236,30.0,Female,Bachelor's degree,top left,square,332.7272727272727,260.9090909090909,https://hujipsych.au1.qualtrics.com/ControlPanel/Graphic.php?IM=IM_8iTQENQKp4ofTOl,136,125,239.1085544819471
6075a8095a3e42e4a923db66,31.0,Female,Graduate or professional degree,top left,circle,347.27272727272725,330.0,https://hujipsych.au1.qualtrics.com/ControlPanel/Graphic.php?IM=IM_8latqR2dmR1KliB,136,125,294.3826851043658
602b9ff75f75b82f7025b7da,36.0,Female,High school graduate (includes equivalency),right,square,199.0909090909091,130.0,https://hujipsych.au1.qualtrics.com/ControlPanel/Graphic.php?IM=IM_aVrNwGFgrxpvt0F,398,162,201.46668818015794
5f4e62f4ebe77d02892f18bc,36.0,Female,"Some college, no degree",bottom left,circle,290.0,179.0909090909091,https://hujipsych.au1.qualtrics.com/ControlPanel/Graphic.php?IM=IM_b7NoRPBiEKUTCSx,182,405,250.39751866856008
56cb839cedf8da000c6df35b,44.0,Female,Bachelor's degree,right,square,263.6363636363636,167.27272727272728,https://hujipsych.au1.qualtrics.com/ControlPanel/Graphic.php?IM=IM_aVrNwGFgrxpvt0F,398,162,134.4670533244187
5c46270c4beda000014e5ddd,41.0,Female,Graduate or professional degree,right,circle,344.54545454545456,168.1818181818182,https://hujipsych.au1.qualtrics.com/ControlPanel/Graphic.php?IM=IM_aVrNwGFgrxpvt0F,398,162,53.81081030597033
56ffd10b18705800099d0416,27.0,Other or prefer not to say,Graduate or professional degree,top left,circle,412.7272727272727,129.0909090909091,https://hujipsych.au1.qualtrics.com/ControlPanel/Graphic.php?IM=IM_8latqR2dmR1KliB,136,125,276.7575093981452
601ac0440ae554365a73246b,25.0,Female,Graduate or professional degree,right,square,217.27272727272725,431.8181818181818,https://hujipsych.au1.qualtrics.com/ControlPanel/Graphic.php?IM=IM_9pn89UCXN7NgZa5,398,162,324.75251861549503
5caeb56feb05440017fd4817,29.0,Male,Associate degree,right,circle,179.0909090909091,277.27272727272725,https://hujipsych.au1.qualtrics.com/ControlPanel/Graphic.php?IM=IM_9pn89UCXN7NgZa5,398,162,247.40451033790225
60354290fe74fe0fa1918a2c,18.0,Female,High school graduate (includes equivalency),right,circle,140.0,344.54545454545456,https://hujipsych.au1.qualtrics.com/ControlPanel/Graphic.php?IM=IM_aVrNwGFgrxpvt0F,398,162,316.0487984081044
5e394c6546d3c11570e9f25d,39.0,Male,"Some college, no degree",right,square,130.0,170.9090909090909,https://hujipsych.au1.qualtrics.com/ControlPanel/Graphic.php?IM=IM_aVrNwGFgrxpvt0F,398,162,268.14804101620143
607adc316b0814c5fa6c8461,22.0,Female,High school graduate (includes equivalency),top left,circle,412.7272727272727,130.0,https://hujipsych.au1.qualtrics.com/ControlPanel/Graphic.php?IM=IM_8latqR2dmR1KliB,136,125,276.7724398690635
5eadb9ba99443b0a80211eaa,31.0,Male,Graduate or professional degree,top left,circle,310.9090909090909,249.0909090909091,https://hujipsych.au1.qualtrics.com/ControlPanel/Graphic.php?IM=IM_8iTQENQKp4ofTOl,136,125,214.45685766991198
5e432ceb394cd51c528ba4f0,30.0,Female,Graduate or professional degree,right,circle,137.27272727272728,291.8181818181818,https://hujipsych.au1.qualtrics.com/ControlPanel/Graphic.php?IM=IM_aVrNwGFgrxpvt0F,398,162,291.2584266152315
5e846886c740a7000a1b4672,19.0,Female,"Some college, no degree",top left,circle,430.9090909090909,254.54545454545453,https://hujipsych.au1.qualtrics.com/ControlPanel/Graphic.php?IM=IM_8latqR2dmR1KliB,136,125,322.10774081697394
5edfeebaecf5a0318788d731,38.0,Male,High school graduate (includes equivalency),top left,square,150.9090909090909,126.36363636363636,https://hujipsych.au1.qualtrics.com/ControlPanel/Graphic.php?IM=IM_8iTQENQKp4ofTOl,136,125,14.971322448860972
5ada08a4dfcfcb0001e66e52,43.0,Female,Associate degree,bottom left,circle,362.7272727272727,174.54545454545453,https://hujipsych.au1.qualtrics.com/ControlPanel/Graphic.php?IM=IM_b7NoRPBiEKUTCSx,182,405,292.86796449611757
603bc4615efcd8834c3c0450,37.0,Male,Bachelor's degree,top left,circle,360.9090909090909,400.9090909090909,https://hujipsych.au1.qualtrics.com/ControlPanel/Graphic.php?IM=IM_8iTQENQKp4ofTOl,136,125,355.96337679575225
5e43b4e63514ba2444eacbc9,18.0,Female,"Some college, no degree",right,circle,422.7272727272727,174.54545454545453,https://hujipsych.au1.qualtrics.com/ControlPanel/Graphic.php?IM=IM_aVrNwGFgrxpvt0F,398,162,27.727719817557837
5f3505eea53f734418f94258,28.0,Female,Bachelor's degree,top left,square,266.3636363636364,213.63636363636363,https://hujipsych.au1.qualtrics.com/ControlPanel/Graphic.php?IM=IM_8iTQENQKp4ofTOl,136,125,157.64226160718482
5e789bba38593241a00fec57,23.0,Female,Bachelor's degree,bottom left,square,364.54545454545456,248.1818181818182,https://hujipsych.au1.qualtrics.com/ControlPanel/Graphic.php?IM=IM_b7NoRPBiEKUTCSx,182,405,240.6549087884287
5f4f957f9b0aef056d9541f8,33.0,Female,Graduate or professional degree,bottom left,square,157.27272727272728,427.27272727272725,https://hujipsych.au1.qualtrics.com/ControlPanel/Graphic.php?IM=IM_9GriGioJDRBy5Vj,182,405,33.27930883738744
597f873b13457d00010f4e98,35.0,Female,"Some college, no degree",bottom left,square,310.0,38.18181818181818,https://hujipsych.au1.qualtrics.com/ControlPanel/Graphic.php?IM=IM_9GriGioJDRBy5Vj,182,405,388.50943169039886
5f9ff33632b6f303fbc5a7ed,35.0,Female,High school graduate (includes equivalency),bottom left,square,267.27272727272725,212.72727272727272,https://hujipsych.au1.qualtrics.com/ControlPanel/Graphic.php?IM=IM_b7NoRPBiEKUTCSx,182,405,210.3336389392374
5f1ee9762cf35404a8c37581,26.0,Female,Graduate or professional degree,right,square,293.6363636363636,405.45454545454544,https://hujipsych.au1.qualtrics.com/ControlPanel/Graphic.php?IM=IM_9pn89UCXN7NgZa5,398,162,264.8808869992711
603fea372fafec164223dcfa,37.0,Female,High school graduate (includes equivalency),top left,circle,342.7272727272727,165.45454545454544,https://hujipsych.au1.qualtrics.com/ControlPanel/Graphic.php?IM=IM_8iTQENQKp4ofTOl,136,125,210.64836941498044
5acca930a3ba7a0001b500fa,36.0,Female,"Some college, no degree",bottom left,circle,300.0,77.27272727272727,https://hujipsych.au1.qualtrics.com/ControlPanel/Graphic.php?IM=IM_b7NoRPBiEKUTCSx,182,405,348.3233631114287
5b438f3f7aec830001bb1a9a,37.0,Female,"Some college, no degree",bottom left,square,193.63636363636363,383.6363636363636,https://hujipsych.au1.qualtrics.com/ControlPanel/Graphic.php?IM=IM_9GriGioJDRBy5Vj,182,405,24.327143633303358
5eb122d32c1e631f02c98b5c,31.0,Female,Bachelor's degree,right,square,342.7272727272727,166.36363636363635,https://hujipsych.au1.qualtrics.com/ControlPanel/Graphic.php?IM=IM_aVrNwGFgrxpvt0F,398,162,55.44470851649725
60994d9d9847eb847966a96f,37.0,Female,Bachelor's degree,bottom left,circle,260.9090909090909,265.45454545454544,https://hujipsych.au1.qualtrics.com/ControlPanel/Graphic.php?IM=IM_9GriGioJDRBy5Vj,182,405,160.31088082970754
59308519991e160001eff87a,36.0,Female,"Some college, no degree",top left,square,156.36363636363635,59.090909090909086,https://hujipsych.au1.qualtrics.com/ControlPanel/Graphic.php?IM=IM_8iTQENQKp4ofTOl,136,125,68.98322948668917
607dccecbcc9727694d62c31,35.0,Female,"Some college, no degree",bottom left,circle,180.9090909090909,159.0909090909091,https://hujipsych.au1.qualtrics.com/ControlPanel/Graphic.php?IM=IM_b7NoRPBiEKUTCSx,182,405,245.91151065857036
5e9b9eaee0e30b0b27983c50,20.0,Female,"Some college, no degree",right,circle,287.27272727272725,210.9090909090909,https://hujipsych.au1.qualtrics.com/ControlPanel/Graphic.php?IM=IM_9pn89UCXN7NgZa5,398,162,121.04804045986684
5c9b9fa8700e660015182f63,33.0,Female,Graduate or professional degree,bottom left,square,219.0909090909091,432.7272727272727,https://hujipsych.au1.qualtrics.com/ControlPanel/Graphic.php?IM=IM_9GriGioJDRBy5Vj,182,405,46.30914801724
5f6cec9ba8e041120720bcba,30.0,Female,Graduate or professional degree,bottom left,circle,287.27272727272725,210.9090909090909,https://hujipsych.au1.qualtrics.com/ControlPanel/Graphic.php?IM=IM_9GriGioJDRBy5Vj,182,405,220.80223753208108
5f9ab445e959ad1e600066d2,41.0,Male,Graduate or professional degree,top left,square,310.9090909090909,250.9090909090909,https://hujipsych.au1.qualtrics.com/ControlPanel/Graphic.php?IM=IM_8iTQENQKp4ofTOl,136,125,215.5140117398364
5a53d68aacc75b000179e508,25.0,Female,Associate degree,top left,square,363.6363636363636,176.36363636363635,https://hujipsych.au1.qualtrics.com/ControlPanel/Graphic.php?IM=IM_8latqR2dmR1KliB,136,125,233.35924492096436
5ba8f71824f8180001a48c21,33.0,Female,Bachelor's degree,right,square,213.63636363636363,309.09090909090907,https://hujipsych.au1.qualtrics.com/ControlPanel/Graphic.php?IM=IM_9pn89UCXN7NgZa5,398,162,235.8509825088995
595133ca2e0323000136855a,36.0,Female,"Some college, no degree",bottom left,square,431.8181818181818,255.45454545454544,https://hujipsych.au1.qualtrics.com/ControlPanel/Graphic.php?IM=IM_b7NoRPBiEKUTCSx,182,405,291.1579759205452
5adc587be0feeb0001ca9d0a,35.0,Female,Bachelor's degree,right,circle,182.72727272727272,160.0,https://hujipsych.au1.qualtrics.com/ControlPanel/Graphic.php?IM=IM_9pn89UCXN7NgZa5,398,162,215.28201761280022
5dd59fe0a6438056ac397382,24.0,Female,High school graduate (includes equivalency),top left,square,123.63636363636363,203.63636363636363,https://hujipsych.au1.qualtrics.com/ControlPanel/Graphic.php?IM=IM_8latqR2dmR1KliB,136,125,79.60236924917903
5f9de44b530d3e384064e7f8,22.0,Male,"Some college, no degree",right,circle,123.63636363636363,203.63636363636363,https://hujipsych.au1.qualtrics.com/ControlPanel/Graphic.php?IM=IM_9pn89UCXN7NgZa5,398,162,277.5049400200602
5f020cf8869ce2087ed09a96,37.0,Female,Graduate or professional degree,top left,square,325.45454545454544,212.72727272727272,https://hujipsych.au1.qualtrics.com/ControlPanel/Graphic.php?IM=IM_8iTQENQKp4ofTOl,136,125,208.78002580120952
5e5e0838e9e2ca119aff9e9b,37.0,Female,Bachelor's degree,top left,square,179.0909090909091,99.0909090909091,https://hujipsych.au1.qualtrics.com/ControlPanel/Graphic.php?IM=IM_8iTQENQKp4ofTOl,136,125,50.280288762262785
5f1ebdf41b46b502fb61ea18,20.0,Female,High school graduate (includes equivalency),top left,square,325.45454545454544,214.54545454545453,https://hujipsych.au1.qualtrics.com/ControlPanel/Graphic.php?IM=IM_8latqR2dmR1KliB,136,125,209.55050279858668
56051814e372c00011bd556a,34.0,Female,Bachelor's degree,top left,square,358.1818181818182,401.8181818181818,https://hujipsych.au1.qualtrics.com/ControlPanel/Graphic.php?IM=IM_8latqR2dmR1KliB,136,125,354.95501984857526
5ae19fb609eae20001133414,26.0,Female,Bachelor's degree,right,square,207.27272727272725,252.72727272727272,https://hujipsych.au1.qualtrics.com/ControlPanel/Graphic.php?IM=IM_aVrNwGFgrxpvt0F,398,162,211.20684311478263
597f57ccfc90e000011c56fe,36.0,Female,High school graduate (includes equivalency),right,square,198.1818181818182,130.9090909090909,https://hujipsych.au1.qualtrics.com/ControlPanel/Graphic.php?IM=IM_9pn89UCXN7NgZa5,398,162,202.2225269677519
60608f92c7f6e8a1be5cdf66,37.0,Female,Graduate or professional degree,top left,circle,308.1818181818182,248.1818181818182,https://hujipsych.au1.qualtrics.com/ControlPanel/Graphic.php?IM=IM_8iTQENQKp4ofTOl,136,125,211.70814543369656
57fc3e1a7a62880001c197ac,36.0,Female,Bachelor's degree,top left,square,226.36363636363635,81.81818181818181,https://hujipsych.au1.qualtrics.com/ControlPanel/Graphic.php?IM=IM_8iTQENQKp4ofTOl,136,125,100.15116673482693
5de8e0ac9ba3e8000a970881,34.0,Female,Graduate or professional degree,right,circle,263.6363636363636,210.9090909090909,https://hujipsych.au1.qualtrics.com/ControlPanel/Graphic.php?IM=IM_aVrNwGFgrxpvt0F,398,162,142.98841194451117
59d39f387d08030001f345a5,41.0,Female,High school graduate (includes equivalency),top left,circle,404.5454545454545,323.6363636363636,https://hujipsych.au1.qualtrics.com/ControlPanel/Graphic.php?IM=IM_8latqR2dmR1KliB,136,125,334.02554710037145
5fef20deefea401da5a0dfc6,34.0,Female,Graduate or professional degree,bottom left,square,325.45454545454544,213.63636363636363,https://hujipsych.au1.qualtrics.com/ControlPanel/Graphic.php?IM=IM_b7NoRPBiEKUTCSx,182,405,239.16364258365923
5c6351df1185c40001a36277,36.0,Female,Bachelor's degree,top left,circle,371.8181818181818,369.09090909090907,https://hujipsych.au1.qualtrics.com/ControlPanel/Graphic.php?IM=IM_8iTQENQKp4ofTOl,136,125,339.39738769893245
5e3819b364b28501ed0c670f,23.0,Female,Bachelor's degree,right,square,423.6363636363636,170.0,https://hujipsych.au1.qualtrics.com/ControlPanel/Graphic.php?IM=IM_aVrNwGFgrxpvt0F,398,162,26.855597935921427
559d468afdf99b13b69c034c,40.0,Female,"Some college, no degree",bottom left,square,400.0,96.36363636363636,https://hujipsych.au1.qualtrics.com/ControlPanel/Graphic.php?IM=IM_9GriGioJDRBy5Vj,182,405,377.86294467528523
57c95ec2c6c5ed00013fa343,30.0,Female,Graduate or professional degree,bottom left,square,364.54545454545456,177.27272727272728,https://hujipsych.au1.qualtrics.com/ControlPanel/Graphic.php?IM=IM_9GriGioJDRBy5Vj,182,405,291.8605038695854
5fed940030cadf7d2d05e3c4,23.0,Female,Bachelor's degree,bottom left,circle,349.09090909090907,143.63636363636363,https://hujipsych.au1.qualtrics.com/ControlPanel/Graphic.php?IM=IM_9GriGioJDRBy5Vj,182,405,310.2101260662675
55c37e1cfdf99b3f595dc7ff,41.0,Female,Bachelor's degree,right,square,286.3636363636364,210.0,https://hujipsych.au1.qualtrics.com/ControlPanel/Graphic.php?IM=IM_aVrNwGFgrxpvt0F,398,162,121.5182195637774
5e011b217605fecf9fa3d26d,37.0,Female,Graduate or professional degree,bottom left,circle,293.6363636363636,297.27272727272725,https://hujipsych.au1.qualtrics.com/ControlPanel/Graphic.php?IM=IM_b7NoRPBiEKUTCSx,182,405,155.13814158744657
5e91c5ad04391d4fa8cd552d,40.0,Female,Graduate or professional degree,top left,circle,361.8181818181818,179.0909090909091,https://hujipsych.au1.qualtrics.com/ControlPanel/Graphic.php?IM=IM_8iTQENQKp4ofTOl,136,125,232.20611035446592
6096eca15340fc49ef3f1ab3,24.0,Female,Bachelor's degree,right,circle,140.9090909090909,263.6363636363636,https://hujipsych.au1.qualtrics.com/ControlPanel/Graphic.php?IM=IM_aVrNwGFgrxpvt0F,398,162,276.45195957057933
5e5d32f95e8b3302eaa16ca3,28.0,Male,"Some college, no degree",top left,circle,292.7272727272727,180.0,https://hujipsych.au1.qualtrics.com/ControlPanel/Graphic.php?IM=IM_8latqR2dmR1KliB,136,125,166.09767613223525
5d2de9df148da600014a33de,34.0,Female,Bachelor's degree,bottom left,square,286.3636363636364,207.27272727272725,https://hujipsych.au1.qualtrics.com/ControlPanel/Graphic.php?IM=IM_9GriGioJDRBy5Vj,182,405,223.57961216355713
5f7dbb807ea69c017880bfb0,40.0,Female,"Some college, no degree",top left,circle,291.8181818181818,178.1818181818182,https://hujipsych.au1.qualtrics.com/ControlPanel/Graphic.php?IM=IM_8iTQENQKp4ofTOl,136,125,164.64389320666567
5ce121fb6e2e4e0019757a59,28.0,Male,"Some college, no degree",top left,circle,153.63636363636363,123.63636363636363,https://hujipsych.au1.qualtrics.com/ControlPanel/Graphic.php?IM=IM_8iTQENQKp4ofTOl,136,125,17.68900298056057
5a5e8a3cac56240001542447,36.0,Female,High school graduate (includes equivalency),bottom left,square,454.5454545454545,262.7272727272727,https://hujipsych.au1.qualtrics.com/ControlPanel/Graphic.php?IM=IM_9GriGioJDRBy5Vj,182,405,307.4452044169957
5f103e8ce91a6200091c60b2,23.0,Female,Bachelor's degree,right,circle,335.45454545454544,303.6363636363636,https://hujipsych.au1.qualtrics.com/ControlPanel/Graphic.php?IM=IM_9pn89UCXN7NgZa5,398,162,154.83149998766322
5d53f1ad07e8740001e563c7,34.0,Female,Bachelor's degree,top left,square,263.6363636363636,212.72727272727272,https://hujipsych.au1.qualtrics.com/ControlPanel/Graphic.php?IM=IM_8latqR2dmR1KliB,136,125,154.87774437432685
6083df9dec08668fa0e77ef4,30.0,Female,Bachelor's degree,top left,circle,150.9090909090909,128.1818181818182,https://hujipsych.au1.qualtrics.com/ControlPanel/Graphic.php?IM=IM_8latqR2dmR1KliB,136,125,15.2448338356863
5b4e2703995d4e0001093117,31.0,Female,Graduate or professional degree,top left,square,138.1818181818182,410.9090909090909,https://hujipsych.au1.qualtrics.com/ControlPanel/Graphic.php?IM=IM_8latqR2dmR1KliB,136,125,285.91741569033763
5cb2d3be2df32800172e3736,39.0,Male,Bachelor's degree,top left,square,397.27272727272725,95.45454545454545,https://hujipsych.au1.qualtrics.com/ControlPanel/Graphic.php?IM=IM_8iTQENQKp4ofTOl,136,125,262.93796207627844
5877f454127d7700018b1bdf,35.0,Female,Graduate or professional degree,right,square,143.63636363636363,264.54545454545456,https://hujipsych.au1.qualtrics.com/ControlPanel/Graphic.php?IM=IM_aVrNwGFgrxpvt0F,398,162,274.256138950555
603b82a4ca68cf7b032fdd26,21.0,Other or prefer not to say,Bachelor's degree,bottom left,circle,341.8181818181818,54.54545454545455,https://hujipsych.au1.qualtrics.com/ControlPanel/Graphic.php?IM=IM_b7NoRPBiEKUTCSx,182,405,385.175595890266
5e8705c29abd41343808255e,34.0,Female,Graduate or professional degree,right,square,209.0909090909091,250.9090909090909,https://hujipsych.au1.qualtrics.com/ControlPanel/Graphic.php?IM=IM_aVrNwGFgrxpvt0F,398,162,208.78570610647694
5e9b85a506abba08c1bf0ae8,35.0,Female,Bachelor's degree,right,square,160.0,58.18181818181818,https://hujipsych.au1.qualtrics.com/ControlPanel/Graphic.php?IM=IM_aVrNwGFgrxpvt0F,398,162,259.65788044277235
5d30cca374c5990019a9f634,45.0,Female,Graduate or professional degree,bottom left,circle,440.0,351.8181818181818,https://hujipsych.au1.qualtrics.com/ControlPanel/Graphic.php?IM=IM_b7NoRPBiEKUTCSx,182,405,263.4241936214743
5b66b23994b29c0001cc11c9,30.0,Female,Bachelor's degree,top left,square,446.3636363636364,173.63636363636363,https://hujipsych.au1.qualtrics.com/ControlPanel/Graphic.php?IM=IM_8latqR2dmR1KliB,136,125,314.1513690000858
5fddcc7a9f4b9e4af7487476,38.0,Female,Bachelor's degree,top left,circle,430.9090909090909,255.45454545454544,https://hujipsych.au1.qualtrics.com/ControlPanel/Graphic.php?IM=IM_8iTQENQKp4ofTOl,136,125,322.4744336076559
5e9273fc26ded40e3b92f873,43.0,Female,High school graduate (includes equivalency),right,square,70.9090909090909,350.0,https://hujipsych.au1.qualtrics.com/ControlPanel/Graphic.php?IM=IM_9pn89UCXN7NgZa5,398,162,377.26974807147917
5e46efaf4f30441c0cf00c65,28.0,Female,Bachelor's degree,right,circle,359.09090909090907,277.27272727272725,https://hujipsych.au1.qualtrics.com/ControlPanel/Graphic.php?IM=IM_9pn89UCXN7NgZa5,398,162,121.6623154812716
5d9db80fad89d50017a880e6,41.0,Male,Bachelor's degree,right,circle,233.63636363636363,471.8181818181818,https://hujipsych.au1.qualtrics.com/ControlPanel/Graphic.php?IM=IM_aVrNwGFgrxpvt0F,398,162,350.71742292592427
555a457afdf99b10ecc87187,43.0,Female,"Some college, no degree",bottom left,square,448.1818181818182,174.54545454545453,https://hujipsych.au1.qualtrics.com/ControlPanel/Graphic.php?IM=IM_b7NoRPBiEKUTCSx,182,405,352.082458880359
5ff0273c0479d7eec3e3e801,35.0,Female,Graduate or professional degree,bottom left,circle,326.3636363636364,214.54545454545453,https://hujipsych.au1.qualtrics.com/ControlPanel/Graphic.php?IM=IM_b7NoRPBiEKUTCSx,182,405,238.98492293119614
5e3a8f90f5f5b3291c4dbfaa,35.0,Female,Associate degree,top left,circle,360.9090909090909,401.8181818181818,https://hujipsych.au1.qualtrics.com/ControlPanel/Graphic.php?IM=IM_8latqR2dmR1KliB,136,125,356.6684804670545
5ded5559033565416fe02a77,45.0,Female,High school graduate (includes equivalency),top left,square,303.6363636363636,338.1818181818182,https://hujipsych.au1.qualtrics.com/ControlPanel/Graphic.php?IM=IM_8iTQENQKp4ofTOl,136,125,271.1981526790493
5d36ff998129260015c6de19,29.0,Female,Graduate or professional degree,top left,square,293.6363636363636,297.27272727272725,https://hujipsych.au1.qualtrics.com/ControlPanel/Graphic.php?IM=IM_8latqR2dmR1KliB,136,125,233.51041883067944
5892256be6393500019e16a9,35.0,Female,"Some college, no degree",right,square,175.45454545454544,347.27272727272725,https://hujipsych.au1.qualtrics.com/ControlPanel/Graphic.php?IM=IM_9pn89UCXN7NgZa5,398,162,289.5728972295532
55f6ed3032af740005171b36,30.0,Male,Bachelor's degree,right,circle,420.0,172.72727272727272,https://hujipsych.au1.qualtrics.com/ControlPanel/Graphic.php?IM=IM_9pn89UCXN7NgZa5,398,162,24.475995999454017
5ef5c4db3ce68a02806df888,30.0,Male,Bachelor's degree,top left,square,151.8181818181818,124.54545454545455,https://hujipsych.au1.qualtrics.com/ControlPanel/Graphic.php?IM=IM_8latqR2dmR1KliB,136,125,15.824711296049152
5d1339f835dce400019e49a9,27.0,Female,High school graduate (includes equivalency),top left,circle,332.7272727272727,263.6363636363636,https://hujipsych.au1.qualtrics.com/ControlPanel/Graphic.php?IM=IM_8iTQENQKp4ofTOl,136,125,240.6691944496112
5d7ba25e358dec00196d4977,22.0,Male,High school graduate (includes equivalency),bottom left,square,189.0909090909091,385.45454545454544,https://hujipsych.au1.qualtrics.com/ControlPanel/Graphic.php?IM=IM_9GriGioJDRBy5Vj,182,405,20.791964436386657
5b7ffeeb05fbbd00016aa0bc,41.0,Female,Graduate or professional degree,right,square,290.0,133.63636363636363,https://hujipsych.au1.qualtrics.com/ControlPanel/Graphic.php?IM=IM_aVrNwGFgrxpvt0F,398,162,111.66241922763717
6035c7105e539abc91b4d94e,26.0,Female,Bachelor's degree,right,circle,303.6363636363636,79.0909090909091,https://hujipsych.au1.qualtrics.com/ControlPanel/Graphic.php?IM=IM_9pn89UCXN7NgZa5,398,162,125.61215396266596
5e67e650c530a905a6c9653e,23.0,Female,Bachelor's degree,bottom left,square,363.6363636363636,175.45454545454544,https://hujipsych.au1.qualtrics.com/ControlPanel/Graphic.php?IM=IM_9GriGioJDRBy5Vj,182,405,292.7163888434002
5f296dc899c65605ad881760,20.0,Female,"Some college, no degree",top left,square,150.9090909090909,124.54545454545455,https://hujipsych.au1.qualtrics.com/ControlPanel/Graphic.php?IM=IM_8latqR2dmR1KliB,136,125,14.91601834625397
605562b516e3cf830c62a216,18.0,Male,High school graduate (includes equivalency),bottom left,square,240.9090909090909,334.54545454545456,https://hujipsych.au1.qualtrics.com/ControlPanel/Graphic.php?IM=IM_b7NoRPBiEKUTCSx,182,405,91.83748671943361
5cc876088229ee0016862728,35.0,Female,Bachelor's degree,top left,circle,118.18181818181817,133.63636363636363,https://hujipsych.au1.qualtrics.com/ControlPanel/Graphic.php?IM=IM_8latqR2dmR1KliB,136,125,19.800868166958978
5ce19948d4b2a30018dd69a7,43.0,Female,Graduate or professional degree,bottom left,square,285.45454545454544,209.0909090909091,https://hujipsych.au1.qualtrics.com/ControlPanel/Graphic.php?IM=IM_9GriGioJDRBy5Vj,182,405,221.5473197220699
5e8854f67ad7524d040e067b,35.0,Male,Bachelor's degree,top left,square,302.7272727272727,339.09090909090907,https://hujipsych.au1.qualtrics.com/ControlPanel/Graphic.php?IM=IM_8iTQENQKp4ofTOl,136,125,271.3538295776314
5e3d92262f17e1000a0f8eab,37.0,Female,"Some college, no degree",bottom left,circle,420.0,208.1818181818182,https://hujipsych.au1.qualtrics.com/ControlPanel/Graphic.php?IM=IM_9GriGioJDRBy5Vj,182,405,308.8387875481557
5c936c09e2d9fb0001386b03,31.0,Female,"Some college, no degree",bottom left,circle,370.0,367.27272727272725,https://hujipsych.au1.qualtrics.com/ControlPanel/Graphic.php?IM=IM_9GriGioJDRBy5Vj,182,405,191.74813456051672
566ff4a3b937e400052d3489,38.0,Female,"Some college, no degree",top left,square,408.1818181818182,321.8181818181818,https://hujipsych.au1.qualtrics.com/ControlPanel/Graphic.php?IM=IM_8iTQENQKp4ofTOl,136,125,335.8873901220098
590736526cfc660001b665a5,35.0,Male,Graduate or professional degree,top left,square,151.8181818181818,126.36363636363636,https://hujipsych.au1.qualtrics.com/ControlPanel/Graphic.php?IM=IM_8latqR2dmR1KliB,136,125,15.876850448539505
5e9b6bfea4937d06ed44c22c,31.0,Female,Graduate or professional degree,top left,circle,264.54545454545456,212.72727272727272,https://hujipsych.au1.qualtrics.com/ControlPanel/Graphic.php?IM=IM_8latqR2dmR1KliB,136,125,155.62778757170204
5c79f18b5d8dc30001695124,27.0,Female,Graduate or professional degree,right,circle,120.0,133.63636363636363,https://hujipsych.au1.qualtrics.com/ControlPanel/Graphic.php?IM=IM_9pn89UCXN7NgZa5,398,162,279.44318898081696
5f58fae91feaa10c5607d684,32.0,Female,Bachelor's degree,right,square,207.27272727272725,212.72727272727272,https://hujipsych.au1.qualtrics.com/ControlPanel/Graphic.php?IM=IM_aVrNwGFgrxpvt0F,398,162,197.35792043982067
608bb71345927be065cc3cb4,34.0,Female,Bachelor's degree,top left,square,364.54545454545456,80.9090909090909,https://hujipsych.au1.qualtrics.com/ControlPanel/Graphic.php?IM=IM_8iTQENQKp4ofTOl,136,125,232.7596035781365
601fe0de101ae05414812f4d,25.0,Female,Bachelor's degree,right,square,239.0909090909091,131.8181818181818,https://hujipsych.au1.qualtrics.com/ControlPanel/Graphic.php?IM=IM_9pn89UCXN7NgZa5,398,162,161.74993453573342
5f8a08f7ada1650a0096396e,34.0,Male,Bachelor's degree,right,circle,202.72727272727272,336.3636363636364,https://hujipsych.au1.qualtrics.com/ControlPanel/Graphic.php?IM=IM_aVrNwGFgrxpvt0F,398,162,261.7902131525916
60355f4612906156ad917438,23.0,Female,Bachelor's degree,bottom left,square,232.72727272727272,131.8181818181818,https://hujipsych.au1.qualtrics.com/ControlPanel/Graphic.php?IM=IM_b7NoRPBiEKUTCSx,182,405,277.8516906255405
609989a43129a7f39bc1b139,29.0,Female,Bachelor's degree,top left,circle,114.54545454545455,100.0,https://hujipsych.au1.qualtrics.com/ControlPanel/Graphic.php?IM=IM_8iTQENQKp4ofTOl,136,125,32.943854065078014
5e7e5c94d7dd745288a042ff,40.0,Male,Bachelor's degree,top left,circle,388.1818181818182,214.54545454545453,https://hujipsych.au1.qualtrics.com/ControlPanel/Graphic.php?IM=IM_8latqR2dmR1KliB,136,125,267.6080302443102
608ef46bbc5de958af2d6183,34.0,Female,Graduate or professional degree,bottom left,square,362.7272727272727,77.27272727272727,https://hujipsych.au1.qualtrics.com/ControlPanel/Graphic.php?IM=IM_b7NoRPBiEKUTCSx,182,405,374.2559450385447
5ca3805f5c01df0013af4fe1,38.0,Female,Graduate or professional degree,right,square,343.6363636363636,165.45454545454544,https://hujipsych.au1.qualtrics.com/ControlPanel/Graphic.php?IM=IM_9pn89UCXN7NgZa5,398,162,54.47328559005054
5e97ed55c890682bed3efa6a,19.0,Female,"Some college, no degree",bottom left,circle,152.72727272727272,125.45454545454545,https://hujipsych.au1.qualtrics.com/ControlPanel/Graphic.php?IM=IM_9GriGioJDRBy5Vj,182,405,281.0739292766376
580fa5fddabe780001870af6,30.0,Female,Bachelor's degree,top left,circle,199.0909090909091,130.9090909090909,https://hujipsych.au1.qualtrics.com/ControlPanel/Graphic.php?IM=IM_8iTQENQKp4ofTOl,136,125,63.36702742980182
606384d542ad38878c958ab8,33.0,Female,"Some college, no degree",top left,circle,363.6363636363636,249.0909090909091,https://hujipsych.au1.qualtrics.com/ControlPanel/Graphic.php?IM=IM_8iTQENQKp4ofTOl,136,125,259.2621603099747
5f86e83e2285ab046ea8b224,18.0,Female,"Some college, no degree",right,circle,264.54545454545456,211.8181818181818,https://hujipsych.au1.qualtrics.com/ControlPanel/Graphic.php?IM=IM_aVrNwGFgrxpvt0F,398,162,142.44987519176266
6095312bec3c5e006b422f53,21.0,Male,High school graduate (includes equivalency),bottom left,square,298.1818181818182,75.45454545454545,https://hujipsych.au1.qualtrics.com/ControlPanel/Graphic.php?IM=IM_9GriGioJDRBy5Vj,182,405,349.42584547741075
5aeb078c1447960001fb64c7,29.0,Female,Bachelor's degree,top left,circle,362.7272727272727,176.36363636363635,https://hujipsych.au1.qualtrics.com/ControlPanel/Graphic.php?IM=IM_8latqR2dmR1KliB,136,125,232.47253459031015
5e9c858d01f636027e545b39,26.0,Female,Associate degree,right,circle,432.7272727272727,257.27272727272725,https://hujipsych.au1.qualtrics.com/ControlPanel/Graphic.php?IM=IM_9pn89UCXN7NgZa5,398,162,101.40451682769286
6029038db8882e7e820f10c6,42.0,Male,Bachelor's degree,top left,circle,460.9090909090909,310.0,https://hujipsych.au1.qualtrics.com/ControlPanel/Graphic.php?IM=IM_8iTQENQKp4ofTOl,136,125,373.88623584637594
5ea38a4693216f1a0310f906,40.0,Male,Graduate or professional degree,right,square,300.9090909090909,76.36363636363636,https://hujipsych.au1.qualtrics.com/ControlPanel/Graphic.php?IM=IM_9pn89UCXN7NgZa5,398,162,129.46131238697794
5e6ad2d938d4520957e1af59,34.0,Female,Bachelor's degree,bottom left,circle,310.0,250.0,https://hujipsych.au1.qualtrics.com/ControlPanel/Graphic.php?IM=IM_b7NoRPBiEKUTCSx,182,405,201.0198995124612
5e74f8c002c79b0464a51925,32.0,Male,Graduate or professional degree,bottom left,circle,412.7272727272727,131.8181818181818,https://hujipsych.au1.qualtrics.com/ControlPanel/Graphic.php?IM=IM_9GriGioJDRBy5Vj,182,405,357.57989340186515
5b5ecd4b7757ed000198d434,43.0,Male,"Some college, no degree",top left,square,151.8181818181818,124.54545454545455,https://hujipsych.au1.qualtrics.com/ControlPanel/Graphic.php?IM=IM_8iTQENQKp4ofTOl,136,125,15.824711296049152
5ee9295f33999a185fd55b54,20.0,Female,"Some college, no degree",bottom left,square,262.7272727272727,167.27272727272728,https://hujipsych.au1.qualtrics.com/ControlPanel/Graphic.php?IM=IM_9GriGioJDRBy5Vj,182,405,251.06005010819734
6092e1e079786f374710ab78,22.0,Male,Bachelor's degree,bottom left,circle,193.63636363636363,383.6363636363636,https://hujipsych.au1.qualtrics.com/ControlPanel/Graphic.php?IM=IM_9GriGioJDRBy5Vj,182,405,24.327143633303358
5f7c36577faf1c01b71e2472,31.0,Female,"Some college, no degree",right,circle,176.36363636363635,347.27272727272725,https://hujipsych.au1.qualtrics.com/ControlPanel/Graphic.php?IM=IM_aVrNwGFgrxpvt0F,398,162,288.8748191812931
5fb6cf5c578cc112f8d9c6fd,40.0,Female,Graduate or professional degree,bottom left,circle,441.8181818181818,352.7272727272727,https://hujipsych.au1.qualtrics.com/ControlPanel/Graphic.php?IM=IM_9GriGioJDRBy5Vj,182,405,265.0243868398429
58fa6e1bd0055c0001dd838a,41.0,Female,Graduate or professional degree,right,square,198.1818181818182,129.0909090909091,https://hujipsych.au1.qualtrics.com/ControlPanel/Graphic.php?IM=IM_aVrNwGFgrxpvt0F,398,162,202.5100344417204
5dcd4ccd0ee193016c26409f,33.0,Female,Bachelor's degree,top left,circle,342.7272727272727,167.27272727272728,https://hujipsych.au1.qualtrics.com/ControlPanel/Graphic.php?IM=IM_8iTQENQKp4ofTOl,136,125,211.00509178768783
6043a4291afe0739394f4907,37.0,Male,Bachelor's degree,bottom left,square,348.1818181818182,99.0909090909091,https://hujipsych.au1.qualtrics.com/ControlPanel/Graphic.php?IM=IM_9GriGioJDRBy5Vj,182,405,348.1332626955392
5ec1a76a903b335cae864ca8,34.0,Male,Bachelor's degree,top left,circle,151.8181818181818,124.54545454545455,https://hujipsych.au1.qualtrics.com/ControlPanel/Graphic.php?IM=IM_8iTQENQKp4ofTOl,136,125,15.824711296049152
5a9ed3f26219a30001f54e85,26.0,Male,High school graduate (includes equivalency),top left,square,348.1818181818182,383.6363636363636,https://hujipsych.au1.qualtrics.com/ControlPanel/Graphic.php?IM=IM_8iTQENQKp4ofTOl,136,125,334.53533828578327
604c5ff80862dbf0bfe4caac,28.0,Male,Graduate or professional degree,bottom left,square,222.72727272727272,54.54545454545455,https://hujipsych.au1.qualtrics.com/ControlPanel/Graphic.php?IM=IM_9GriGioJDRBy5Vj,182,405,352.81312216746375
5d51cbfb2668200001feae69,34.0,Female,Bachelor's degree,right,square,323.6363636363636,214.54545454545453,https://hujipsych.au1.qualtrics.com/ControlPanel/Graphic.php?IM=IM_aVrNwGFgrxpvt0F,398,162,91.0547923319337
5e6e37cf6c47283eaa39ceeb,30.0,Female,Bachelor's degree,top left,circle,460.9090909090909,309.09090909090907,https://hujipsych.au1.qualtrics.com/ControlPanel/Graphic.php?IM=IM_8iTQENQKp4ofTOl,136,125,373.4372506396345
5d9b55b519e9b6001550cf9f,33.0,Male,"Some college, no degree",right,square,71.81818181818181,303.6363636363636,https://hujipsych.au1.qualtrics.com/ControlPanel/Graphic.php?IM=IM_9pn89UCXN7NgZa5,398,162,355.60573394776543
6044aeec82a9db5312244eff,29.0,Female,Bachelor's degree,top left,circle,348.1818181818182,140.0,https://hujipsych.au1.qualtrics.com/ControlPanel/Graphic.php?IM=IM_8latqR2dmR1KliB,136,125,212.71136304142792
600ca49ddb010242bff4e591,32.0,Male,Graduate or professional degree,top left,circle,118.18181818181817,134.54545454545453,https://hujipsych.au1.qualtrics.com/ControlPanel/Graphic.php?IM=IM_8latqR2dmR1KliB,136,125,20.213938403614574
601bf21d7ebf61621dadae04,24.0,Male,Bachelor's degree,top left,square,308.1818181818182,37.27272727272727,https://hujipsych.au1.qualtrics.com/ControlPanel/Graphic.php?IM=IM_8latqR2dmR1KliB,136,125,193.24247176167557
5bcbae6dc885fd000145e4fd,29.0,Male,"Some college, no degree",bottom left,square,370.9090909090909,138.1818181818182,https://hujipsych.au1.qualtrics.com/ControlPanel/Graphic.php?IM=IM_b7NoRPBiEKUTCSx,182,405,326.92290647316145
5aa50441b5e2110001c72b89,28.0,Female,Bachelor's degree,top left,square,335.45454545454544,264.54545454545456,https://hujipsych.au1.qualtrics.com/ControlPanel/Graphic.php?IM=IM_8latqR2dmR1KliB,136,125,243.42360112934173
6095b4c8a271fa79eac86564,34.0,Male,Graduate or professional degree,top left,circle,151.8181818181818,124.54545454545455,https://hujipsych.au1.qualtrics.com/ControlPanel/Graphic.php?IM=IM_8latqR2dmR1KliB,136,125,15.824711296049152
6062d9a64a615c167600319f,29.0,Male,Bachelor's degree,right,circle,103.63636363636363,93.63636363636364,https://hujipsych.au1.qualtrics.com/ControlPanel/Graphic.php?IM=IM_aVrNwGFgrxpvt0F,398,162,302.19784444976216
5bb5fa744b2c3a0001674b1e,38.0,Male,Bachelor's degree,top left,circle,438.1818181818182,352.7272727272727,https://hujipsych.au1.qualtrics.com/ControlPanel/Graphic.php?IM=IM_8iTQENQKp4ofTOl,136,125,378.38282464122375
5e94c3053972c80824bfeec2,25.0,Male,Bachelor's degree,bottom left,square,362.7272727272727,249.0909090909091,https://hujipsych.au1.qualtrics.com/ControlPanel/Graphic.php?IM=IM_b7NoRPBiEKUTCSx,182,405,238.68387405842307
5f11e7c45f0aa10d57a758ae,30.0,Female,Graduate or professional degree,right,square,71.81818181818181,304.54545454545456,https://hujipsych.au1.qualtrics.com/ControlPanel/Graphic.php?IM=IM_9pn89UCXN7NgZa5,398,162,355.96879796404477
5f6e726074ea693b39449715,41.0,Male,High school graduate (includes equivalency),top left,circle,110.9090909090909,373.6363636363636,https://hujipsych.au1.qualtrics.com/ControlPanel/Graphic.php?IM=IM_8iTQENQKp4ofTOl,136,125,249.89916974916565
5ee4c9affe6c7e03fc5cc90c,42.0,Male,Bachelor's degree,right,square,421.8181818181818,171.8181818181818,https://hujipsych.au1.qualtrics.com/ControlPanel/Graphic.php?IM=IM_9pn89UCXN7NgZa5,398,162,25.762423786182126
5d618593243063000176e554,27.0,Male,Graduate or professional degree,right,square,223.63636363636363,55.45454545454545,https://hujipsych.au1.qualtrics.com/ControlPanel/Graphic.php?IM=IM_9pn89UCXN7NgZa5,398,162,204.33945182036663
5e96fb81d86e5003475be4fc,26.0,Male,Bachelor's degree,bottom left,square,94.54545454545455,133.63636363636363,https://hujipsych.au1.qualtrics.com/ControlPanel/Graphic.php?IM=IM_b7NoRPBiEKUTCSx,182,405,285.10791055520895
5df27c43500f06184556ca16,25.0,Male,Bachelor's degree,bottom left,circle,194.54545454545453,382.7272727272727,https://hujipsych.au1.qualtrics.com/ControlPanel/Graphic.php?IM=IM_b7NoRPBiEKUTCSx,182,405,25.562918650212005
571a56fc6a1c6300094bb57e,32.0,Male,Bachelor's degree,bottom left,square,347.27272727272725,140.9090909090909,https://hujipsych.au1.qualtrics.com/ControlPanel/Graphic.php?IM=IM_9GriGioJDRBy5Vj,182,405,311.54306707841874
60967b7e061865c400ea8598,18.0,Female,High school graduate (includes equivalency),right,circle,73.63636363636364,157.27272727272728,https://hujipsych.au1.qualtrics.com/ControlPanel/Graphic.php?IM=IM_aVrNwGFgrxpvt0F,398,162,324.3980821498169
5f2f1f80314d56309186caa1,27.0,Male,"Some college, no degree",bottom left,circle,130.9090909090909,170.9090909090909,https://hujipsych.au1.qualtrics.com/ControlPanel/Graphic.php?IM=IM_9GriGioJDRBy5Vj,182,405,239.6014079899027
609933b40b23a2f30c38fcb8,23.0,Female,Bachelor's degree,right,circle,237.27272727272725,336.3636363636364,https://hujipsych.au1.qualtrics.com/ControlPanel/Graphic.php?IM=IM_9pn89UCXN7NgZa5,398,162,237.14116868291242
5c991410d660cf0017da1e3b,27.0,Female,Graduate or professional degree,top left,square,288.1818181818182,210.0,https://hujipsych.au1.qualtrics.com/ControlPanel/Graphic.php?IM=IM_8latqR2dmR1KliB,136,125,174.31094568363736
5f6d79b421a6d11ec192c2dc,34.0,Male,Graduate or professional degree,bottom left,square,193.63636363636363,383.6363636363636,https://hujipsych.au1.qualtrics.com/ControlPanel/Graphic.php?IM=IM_b7NoRPBiEKUTCSx,182,405,24.327143633303358
582468295f4d1c0001c7c467,26.0,Male,Bachelor's degree,right,square,178.1818181818182,277.27272727272725,https://hujipsych.au1.qualtrics.com/ControlPanel/Graphic.php?IM=IM_9pn89UCXN7NgZa5,398,162,248.209255892571
5c1fc4eb91305c000171d205,19.0,Male,High school graduate (includes equivalency),bottom left,circle,412.7272727272727,130.0,https://hujipsych.au1.qualtrics.com/ControlPanel/Graphic.php?IM=IM_9GriGioJDRBy5Vj,182,405,358.9708544995892
5d0e091ccd9c9300191cb9c9,30.0,Female,Less than high school,bottom left,square,388.1818181818182,213.63636363636363,https://hujipsych.au1.qualtrics.com/ControlPanel/Graphic.php?IM=IM_9GriGioJDRBy5Vj,182,405,281.3022990860089
607346b6e2ea304fdd097552,30.0,Male,Bachelor's degree,right,square,209.0909090909091,252.72727272727272,https://hujipsych.au1.qualtrics.com/ControlPanel/Graphic.php?IM=IM_9pn89UCXN7NgZa5,398,162,209.56641583189827
5ba8a773dd591500013815b0,27.0,Male,Graduate or professional degree,top left,square,342.7272727272727,328.1818181818182,https://hujipsych.au1.qualtrics.com/ControlPanel/Graphic.php?IM=IM_8iTQENQKp4ofTOl,136,125,289.8603396964228
5d9b4d9d6cb1870018ba1a27,28.0,Male,"Some college, no degree",right,circle,326.3636363636364,212.72727272727272,https://hujipsych.au1.qualtrics.com/ControlPanel/Graphic.php?IM=IM_9pn89UCXN7NgZa5,398,162,87.77827062199636
5f561c815552dda1318afa04,23.0,Male,Graduate or professional degree,top left,square,406.3636363636364,320.9090909090909,https://hujipsych.au1.qualtrics.com/ControlPanel/Graphic.php?IM=IM_8latqR2dmR1KliB,136,125,333.8815175606386
56a892ef7f24720006937650,32.0,Male,Bachelor's degree,top left,circle,371.8181818181818,139.0909090909091,https://hujipsych.au1.qualtrics.com/ControlPanel/Graphic.php?IM=IM_8iTQENQKp4ofTOl,136,125,236.23879570265615
5e301a873b7b22000a95b8b8,32.0,Male,Bachelor's degree,bottom left,square,220.0,432.7272727272727,https://hujipsych.au1.qualtrics.com/ControlPanel/Graphic.php?IM=IM_9GriGioJDRBy5Vj,182,405,47.040425730349845
5f27f298c2469805e286018f,39.0,Male,Graduate or professional degree,right,square,371.8181818181818,369.09090909090907,https://hujipsych.au1.qualtrics.com/ControlPanel/Graphic.php?IM=IM_9pn89UCXN7NgZa5,398,162,208.7393883084957
5d9d94f373de94001216cbab,45.0,Male,Bachelor's degree,top left,square,344.54545454545456,332.7272727272727,https://hujipsych.au1.qualtrics.com/ControlPanel/Graphic.php?IM=IM_8iTQENQKp4ofTOl,136,125,294.3498368375308
6070383cc28932c39f919053,26.0,Male,"Some college, no degree",bottom left,square,362.7272727272727,74.54545454545455,https://hujipsych.au1.qualtrics.com/ControlPanel/Graphic.php?IM=IM_b7NoRPBiEKUTCSx,182,405,376.6464571969425
56a9057a119265000b6e12ee,44.0,Male,Bachelor's degree,top left,circle,199.0909090909091,130.0,https://hujipsych.au1.qualtrics.com/ControlPanel/Graphic.php?IM=IM_8iTQENQKp4ofTOl,136,125,63.28872577258414
5f02715089eb5940e0079887,30.0,Male,Graduate or professional degree,top left,circle,240.9090909090909,131.8181818181818,https://hujipsych.au1.qualtrics.com/ControlPanel/Graphic.php?IM=IM_8latqR2dmR1KliB,136,125,105.13041880767757
607a95774ed7d457940bb228,21.0,Male,"Some college, no degree",right,circle,431.8181818181818,255.45454545454544,https://hujipsych.au1.qualtrics.com/ControlPanel/Graphic.php?IM=IM_9pn89UCXN7NgZa5,398,162,99.38521765133537
5efa455b7a38f2145071c23e,42.0,Male,Bachelor's degree,bottom left,square,295.45454545454544,404.5454545454545,https://hujipsych.au1.qualtrics.com/ControlPanel/Graphic.php?IM=IM_9GriGioJDRBy5Vj,182,405,113.45545599867714
60142f86044b153d7de0423e,38.0,Male,"Some college, no degree",top left,circle,363.6363636363636,249.0909090909091,https://hujipsych.au1.qualtrics.com/ControlPanel/Graphic.php?IM=IM_8iTQENQKp4ofTOl,136,125,259.2621603099747
5dce945606f85a0fd1327e4d,45.0,Male,Graduate or professional degree,bottom left,circle,429.09090909090907,255.45454545454544,https://hujipsych.au1.qualtrics.com/ControlPanel/Graphic.php?IM=IM_9GriGioJDRBy5Vj,182,405,288.82132942457434
6047872d7acd5929140e5103,36.0,Male,"Some college, no degree",top left,square,359.09090909090907,401.8181818181818,https://hujipsych.au1.qualtrics.com/ControlPanel/Graphic.php?IM=IM_8latqR2dmR1KliB,136,125,355.52476637237555
5ee9071b15b79226dae8fec6,40.0,Male,High school graduate (includes equivalency),bottom left,square,290.0,135.45454545454544,https://hujipsych.au1.qualtrics.com/ControlPanel/Graphic.php?IM=IM_9GriGioJDRBy5Vj,182,405,290.37691379673373
5aa58560dbdb470001ef4eb9,31.0,Male,Bachelor's degree,top left,square,290.0,180.0,https://hujipsych.au1.qualtrics.com/ControlPanel/Graphic.php?IM=IM_8latqR2dmR1KliB,136,125,163.52675622050356
5c5436d5d3cc6b0001d96c69,42.0,Male,Bachelor's degree,top left,circle,117.27272727272727,134.54545454545453,https://hujipsych.au1.qualtrics.com/ControlPanel/Graphic.php?IM=IM_8latqR2dmR1KliB,136,125,21.01966808208426
5f22998e97fe48000864d728,32.0,Male,Bachelor's degree,bottom left,square,140.9090909090909,345.45454545454544,https://hujipsych.au1.qualtrics.com/ControlPanel/Graphic.php?IM=IM_9GriGioJDRBy5Vj,182,405,72.34724574537825
5eacb65b5fe9ad3315a0a595,36.0,Male,Bachelor's degree,right,circle,209.0909090909091,252.72727272727272,https://hujipsych.au1.qualtrics.com/ControlPanel/Graphic.php?IM=IM_aVrNwGFgrxpvt0F,398,162,209.56641583189827
5d30559f95d88f0019378e9c,37.0,Male,"Some college, no degree",top left,circle,455.45454545454544,199.0909090909091,https://hujipsych.au1.qualtrics.com/ControlPanel/Graphic.php?IM=IM_8iTQENQKp4ofTOl,136,125,327.9339406366587
5c30bae126d1c6000195f249,39.0,Male,Bachelor's degree,right,circle,372.7272727272727,140.0,https://hujipsych.au1.qualtrics.com/ControlPanel/Graphic.php?IM=IM_9pn89UCXN7NgZa5,398,162,33.50687606748284
5f9932d4ae84ec000947a76c,22.0,Male,Bachelor's degree,top left,circle,150.9090909090909,123.63636363636363,https://hujipsych.au1.qualtrics.com/ControlPanel/Graphic.php?IM=IM_8iTQENQKp4ofTOl,136,125,14.971322448860972
60746fc1f1ef68c5978d37f2,21.0,Male,Bachelor's degree,right,square,302.7272727272727,78.18181818181817,https://hujipsych.au1.qualtrics.com/ControlPanel/Graphic.php?IM=IM_aVrNwGFgrxpvt0F,398,162,126.89515422304062
6023bd5d7d02b50009018579,36.0,Male,"Some college, no degree",right,square,68.18181818181817,262.7272727272727,https://hujipsych.au1.qualtrics.com/ControlPanel/Graphic.php?IM=IM_9pn89UCXN7NgZa5,398,162,344.8565158568497
604926aa691cfa8042296caf,29.0,Male,Bachelor's degree,right,square,290.0,135.45454545454544,https://hujipsych.au1.qualtrics.com/ControlPanel/Graphic.php?IM=IM_aVrNwGFgrxpvt0F,398,162,111.21448267660465
56fad9e4997828000c802706,36.0,Male,Bachelor's degree,bottom left,square,292.7272727272727,135.45454545454544,https://hujipsych.au1.qualtrics.com/ControlPanel/Graphic.php?IM=IM_9GriGioJDRBy5Vj,182,405,291.40226662079266
604a9896b7f987b83455dc8b,20.0,Male,"Some college, no degree",top left,square,150.0,125.45454545454545,https://hujipsych.au1.qualtrics.com/ControlPanel/Graphic.php?IM=IM_8latqR2dmR1KliB,136,125,14.007377041054044
5e1bdbfd1795083ead4af5ee,28.0,Male,Bachelor's degree,right,square,260.9090909090909,266.3636363636364,https://hujipsych.au1.qualtrics.com/ControlPanel/Graphic.php?IM=IM_9pn89UCXN7NgZa5,398,162,172.29534512114142
576a9595f48c3b00016738e4,41.0,Male,Bachelor's degree,top left,circle,346.3636363636364,101.81818181818181,https://hujipsych.au1.qualtrics.com/ControlPanel/Graphic.php?IM=IM_8iTQENQKp4ofTOl,136,125,211.6370860656211
6090536687676a1ef563a127,34.0,Male,Bachelor's degree,bottom left,circle,193.63636363636363,382.7272727272727,https://hujipsych.au1.qualtrics.com/ControlPanel/Graphic.php?IM=IM_9GriGioJDRBy5Vj,182,405,25.129252651899073
5dacb2d886e5be00144cc7b1,30.0,Male,Graduate or professional degree,top left,square,293.6363636363636,298.1818181818182,https://hujipsych.au1.qualtrics.com/ControlPanel/Graphic.php?IM=IM_8iTQENQKp4ofTOl,136,125,234.18190640879197
605b3a4c27b0609bce6229e8,20.0,Male,"Some college, no degree",right,square,200.9090909090909,182.72727272727272,https://hujipsych.au1.qualtrics.com/ControlPanel/Graphic.php?IM=IM_9pn89UCXN7NgZa5,398,162,198.1778148052696
5f4d86e855e3b9a583eee8e0,26.0,Male,"Some college, no degree",right,square,179.0909090909091,278.1818181818182,https://hujipsych.au1.qualtrics.com/ControlPanel/Graphic.php?IM=IM_aVrNwGFgrxpvt0F,398,162,247.82938679397503
5ac4a43de734400001da2dc1,24.0,Male,"Some college, no degree",right,circle,311.8181818181818,249.0909090909091,https://hujipsych.au1.qualtrics.com/ControlPanel/Graphic.php?IM=IM_9pn89UCXN7NgZa5,398,162,122.52400675543124
5eaacf92bb492a0378be2dbf,28.0,Male,Graduate or professional degree,top left,circle,350.0,143.63636363636363,https://hujipsych.au1.qualtrics.com/ControlPanel/Graphic.php?IM=IM_8iTQENQKp4ofTOl,136,125,214.8099486746058
5ec107c5a81ee01731ccaebf,31.0,Male,Bachelor's degree,right,square,264.54545454545456,212.72727272727272,https://hujipsych.au1.qualtrics.com/ControlPanel/Graphic.php?IM=IM_9pn89UCXN7NgZa5,398,162,142.77034671396734
594b8f21890ed60001ead0a3,38.0,Male,Bachelor's degree,bottom left,circle,183.63636363636363,160.0,https://hujipsych.au1.qualtrics.com/ControlPanel/Graphic.php?IM=IM_9GriGioJDRBy5Vj,182,405,245.00546460426227
5c6d4c85948b0700010d6f44,32.0,Male,Associate degree,top left,square,335.45454545454544,304.54545454545456,https://hujipsych.au1.qualtrics.com/ControlPanel/Graphic.php?IM=IM_8iTQENQKp4ofTOl,136,125,268.36297425392576
6092e68a3ecc2d978af9e4dc,27.0,Male,Graduate or professional degree,right,square,200.0,130.9090909090909,https://hujipsych.au1.qualtrics.com/ControlPanel/Graphic.php?IM=IM_9pn89UCXN7NgZa5,398,162,200.42615754461585
5fdbb5f61976280704b29dc2,30.0,Male,"Some college, no degree",top left,circle,371.8181818181818,335.45454545454544,https://hujipsych.au1.qualtrics.com/ControlPanel/Graphic.php?IM=IM_8iTQENQKp4ofTOl,136,125,316.0717174606301
5b14532ce9270900013c5bf6,35.0,Male,Bachelor's degree,right,circle,239.0909090909091,53.63636363636363,https://hujipsych.au1.qualtrics.com/ControlPanel/Graphic.php?IM=IM_9pn89UCXN7NgZa5,398,162,192.3402632303079
5a6b98b03fb6420001c2f950,37.0,Male,Graduate or professional degree,bottom left,square,310.0,250.0,https://hujipsych.au1.qualtrics.com/ControlPanel/Graphic.php?IM=IM_b7NoRPBiEKUTCSx,182,405,201.0198995124612
5aa7e3a66475f90001a06f7e,37.0,Male,"Some college, no degree",top left,circle,371.8181818181818,140.0,https://hujipsych.au1.qualtrics.com/ControlPanel/Graphic.php?IM=IM_8iTQENQKp4ofTOl,136,125,236.2947626927712
604a2b0b05f7d86a281dc003,33.0,Male,Bachelor's degree,bottom left,circle,347.27272727272725,142.72727272727272,https://hujipsych.au1.qualtrics.com/ControlPanel/Graphic.php?IM=IM_b7NoRPBiEKUTCSx,182,405,310.0033190971343
5ffed1bf9a45d15a0daea7b3,34.0,Male,Bachelor's degree,top left,circle,326.3636363636364,214.54545454545453,https://hujipsych.au1.qualtrics.com/ControlPanel/Graphic.php?IM=IM_8latqR2dmR1KliB,136,125,210.37277028964286
5ffdd6d02b3bca3c02450f95,32.0,Male,"Some college, no degree",bottom left,circle,455.45454545454544,260.9090909090909,https://hujipsych.au1.qualtrics.com/ControlPanel/Graphic.php?IM=IM_9GriGioJDRBy5Vj,182,405,309.0947727031253
5d51b2bfa4a74b0017e0b289,30.0,Male,Graduate or professional degree,top left,square,380.9090909090909,430.0,https://hujipsych.au1.qualtrics.com/ControlPanel/Graphic.php?IM=IM_8latqR2dmR1KliB,136,125,391.15912722307445
6099010fbd5ec50ea68ca847,19.0,Male,"Some college, no degree",right,circle,179.0909090909091,278.1818181818182,https://hujipsych.au1.qualtrics.com/ControlPanel/Graphic.php?IM=IM_aVrNwGFgrxpvt0F,398,162,247.82938679397503
5cdef91bf4acd700153ac9db,44.0,Male,Bachelor's degree,bottom left,square,310.0,36.36363636363636,https://hujipsych.au1.qualtrics.com/ControlPanel/Graphic.php?IM=IM_b7NoRPBiEKUTCSx,182,405,390.2265605965864
5f8d8af5eadf4d08f6c460f3,35.0,Male,"Some college, no degree",bottom left,circle,419.09090909090907,205.45454545454544,https://hujipsych.au1.qualtrics.com/ControlPanel/Graphic.php?IM=IM_b7NoRPBiEKUTCSx,182,405,309.88786294933493
5f9ace12e1d87f22808829a2,37.0,Male,Associate degree,right,circle,160.9090909090909,424.5454545454545,https://hujipsych.au1.qualtrics.com/ControlPanel/Graphic.php?IM=IM_9pn89UCXN7NgZa5,398,162,353.75445562711013
60992e2a5f3f48e17e154c16,25.0,Male,Graduate or professional degree,bottom left,square,295.45454545454544,405.45454545454544,https://hujipsych.au1.qualtrics.com/ControlPanel/Graphic.php?IM=IM_b7NoRPBiEKUTCSx,182,405,113.45545599867714
5fe7373a4b3bdc5378e78245,26.0,Male,Bachelor's degree,top left,circle,371.8181818181818,139.0909090909091,https://hujipsych.au1.qualtrics.com/ControlPanel/Graphic.php?IM=IM_8latqR2dmR1KliB,136,125,236.23879570265615
60311a70543ec5fe2111b84e,29.0,Male,Graduate or professional degree,top left,circle,350.9090909090909,142.72727272727272,https://hujipsych.au1.qualtrics.com/ControlPanel/Graphic.php?IM=IM_8latqR2dmR1KliB,136,125,215.63898894615278
5f50db74e0a90c263c68207e,29.0,Male,Bachelor's degree,right,square,240.0,365.45454545454544,https://hujipsych.au1.qualtrics.com/ControlPanel/Graphic.php?IM=IM_9pn89UCXN7NgZa5,398,162,257.5999846003794
5bb475b2481b9100010f436a,37.0,Female,Bachelor's degree,top left,square,337.27272727272725,452.7272727272727,https://hujipsych.au1.qualtrics.com/ControlPanel/Graphic.php?IM=IM_8latqR2dmR1KliB,136,125,384.59833077258384
58bebf658c2fd60001b9767a,42.0,Male,Graduate or professional degree,top left,square,151.8181818181818,126.36363636363636,https://hujipsych.au1.qualtrics.com/ControlPanel/Graphic.php?IM=IM_8latqR2dmR1KliB,136,125,15.876850448539505
5c87e674c558df0014565c72,44.0,Male,Bachelor's degree,bottom left,circle,365.45454545454544,176.36363636363635,https://hujipsych.au1.qualtrics.com/ControlPanel/Graphic.php?IM=IM_b7NoRPBiEKUTCSx,182,405,293.1384605008244
5ce73186e1afcc001a455b2d,31.0,Male,Graduate or professional degree,bottom left,circle,401.8181818181818,276.3636363636364,https://hujipsych.au1.qualtrics.com/ControlPanel/Graphic.php?IM=IM_b7NoRPBiEKUTCSx,182,405,254.69068908666057
5d833b0e6642ee0001bfa9cb,35.0,Male,Bachelor's degree,top left,circle,150.9090909090909,124.54545454545455,https://hujipsych.au1.qualtrics.com/ControlPanel/Graphic.php?IM=IM_8latqR2dmR1KliB,136,125,14.91601834625397
5fe21892cb429d5351fe7b67,35.0,Male,"Some college, no degree",top left,circle,374.54545454545456,334.54545454545456,https://hujipsych.au1.qualtrics.com/ControlPanel/Graphic.php?IM=IM_8latqR2dmR1KliB,136,125,317.5109941481691
5ede8652b1d0691076f8ed14,29.0,Male,Bachelor's degree,top left,square,259.09090909090907,264.54545454545456,https://hujipsych.au1.qualtrics.com/ControlPanel/Graphic.php?IM=IM_8latqR2dmR1KliB,136,125,186.07607526257632
571f4ce5f6d15a0009dcccbe,29.0,Female,Graduate or professional degree,top left,square,122.72727272727272,135.45454545454544,https://hujipsych.au1.qualtrics.com/ControlPanel/Graphic.php?IM=IM_8iTQENQKp4ofTOl,136,125,16.895644702625443
5c707693db12e3000146b16d,29.0,Male,Bachelor's degree,bottom left,circle,30.0,267.27272727272725,https://hujipsych.au1.qualtrics.com/ControlPanel/Graphic.php?IM=IM_b7NoRPBiEKUTCSx,182,405,205.116556262269
5af0e378e1b5b8000148a38d,25.0,Male,Bachelor's degree,bottom left,square,346.3636363636364,99.0909090909091,https://hujipsych.au1.qualtrics.com/ControlPanel/Graphic.php?IM=IM_b7NoRPBiEKUTCSx,182,405,347.26902663425676
5e7b3f252bbf0812dccd5502,28.0,Male,"Some college, no degree",top left,circle,118.18181818181817,133.63636363636363,https://hujipsych.au1.qualtrics.com/ControlPanel/Graphic.php?IM=IM_8iTQENQKp4ofTOl,136,125,19.800868166958978
5b4f1e9960e0c700010dd2f7,41.0,Male,High school graduate (includes equivalency),top left,square,350.9090909090909,143.63636363636363,https://hujipsych.au1.qualtrics.com/ControlPanel/Graphic.php?IM=IM_8latqR2dmR1KliB,136,125,215.71562624195462
56d8a5a04a9be1000a53ecd5,35.0,Male,Bachelor's degree,top left,circle,335.45454545454544,455.45454545454544,https://hujipsych.au1.qualtrics.com/ControlPanel/Graphic.php?IM=IM_8iTQENQKp4ofTOl,136,125,385.9822823835954
5b11413a30d562000155b605,36.0,Male,High school graduate (includes equivalency),bottom left,square,300.9090909090909,340.0,https://hujipsych.au1.qualtrics.com/ControlPanel/Graphic.php?IM=IM_b7NoRPBiEKUTCSx,182,405,135.51520911258055
6015ce45d4e20d72584594c3,31.0,Male,Bachelor's degree,right,circle,53.63636363636363,169.0909090909091,https://hujipsych.au1.qualtrics.com/ControlPanel/Graphic.php?IM=IM_9pn89UCXN7NgZa5,398,162,344.4366342904342
5e3056fa23a9e80286bbb370,39.0,Male,Bachelor's degree,bottom left,circle,288.1818181818182,210.9090909090909,https://hujipsych.au1.qualtrics.com/ControlPanel/Graphic.php?IM=IM_b7NoRPBiEKUTCSx,182,405,221.2371114983475
5cbdf7e839447e00017459f3,32.0,Male,Bachelor's degree,top left,square,151.8181818181818,123.63636363636363,https://hujipsych.au1.qualtrics.com/ControlPanel/Graphic.php?IM=IM_8iTQENQKp4ofTOl,136,125,15.876850448539505
5c879d4aeceaa40015d3f5c6,43.0,Female,Bachelor's degree,top left,circle,363.6363636363636,179.0909090909091,https://hujipsych.au1.qualtrics.com/ControlPanel/Graphic.php?IM=IM_8iTQENQKp4ofTOl,136,125,233.97465780692522
6091d4a2cc8467b8908fd1dc,33.0,Male,"Some college, no degree",bottom left,circle,290.0,208.1818181818182,https://hujipsych.au1.qualtrics.com/ControlPanel/Graphic.php?IM=IM_9GriGioJDRBy5Vj,182,405,224.50255387013948
5d4c217a97d8a600013b46cf,40.0,Male,Bachelor's degree,top left,square,151.8181818181818,124.54545454545455,https://hujipsych.au1.qualtrics.com/ControlPanel/Graphic.php?IM=IM_8iTQENQKp4ofTOl,136,125,15.824711296049152
5f7341e6fe08f4026d13c3ff,34.0,Male,"Some college, no degree",bottom left,circle,363.6363636363636,176.36363636363635,https://hujipsych.au1.qualtrics.com/ControlPanel/Graphic.php?IM=IM_9GriGioJDRBy5Vj,182,405,292.00403314320994
5dc2eae146c7ba2062db9637,40.0,Male,High school graduate (includes equivalency),top left,circle,421.8181818181818,173.63636363636363,https://hujipsych.au1.qualtrics.com/ControlPanel/Graphic.php?IM=IM_8latqR2dmR1KliB,136,125,289.92676476244793
5bf747cbacc2260001f99884,39.0,Male,"Some college, no degree",bottom left,square,333.6363636363636,259.09090909090907,https://hujipsych.au1.qualtrics.com/ControlPanel/Graphic.php?IM=IM_b7NoRPBiEKUTCSx,182,405,210.43538102414448
5bc497db36f2b300010b9df8,32.0,Male,Graduate or professional degree,top left,square,151.8181818181818,124.54545454545455,https://hujipsych.au1.qualtrics.com/ControlPanel/Graphic.php?IM=IM_8iTQENQKp4ofTOl,136,125,15.824711296049152
5e7b779563c6dc05953e3669,36.0,Male,Bachelor's degree,top left,square,152.72727272727272,122.72727272727272,https://hujipsych.au1.qualtrics.com/ControlPanel/Graphic.php?IM=IM_8iTQENQKp4ofTOl,136,125,16.880963898686595
60794c31fa4b794751f169e7,29.0,Female,Graduate or professional degree,top left,square,361.8181818181818,176.36363636363635,https://hujipsych.au1.qualtrics.com/ControlPanel/Graphic.php?IM=IM_8latqR2dmR1KliB,136,125,231.58599780678728
5927ee603497ad00010171c2,38.0,Female,High school graduate (includes equivalency),bottom left,circle,362.7272727272727,247.27272727272725,https://hujipsych.au1.qualtrics.com/ControlPanel/Graphic.php?IM=IM_9GriGioJDRBy5Vj,182,405,239.87546700198726
59f8868e05d1d60001f1464d,41.0,Male,Bachelor's degree,right,circle,223.63636363636363,56.36363636363636,https://hujipsych.au1.qualtrics.com/ControlPanel/Graphic.php?IM=IM_9pn89UCXN7NgZa5,398,162,203.8669149427255
604f4ceef3dd84fbd7e29165,43.0,Male,Bachelor's degree,top left,circle,300.9090909090909,368.1818181818182,https://hujipsych.au1.qualtrics.com/ControlPanel/Graphic.php?IM=IM_8latqR2dmR1KliB,136,125,293.82376513597006
5bdc5e8dee217b0001246a9f,33.0,Male,Graduate or professional degree,top left,square,225.45454545454544,77.27272727272727,https://hujipsych.au1.qualtrics.com/ControlPanel/Graphic.php?IM=IM_8latqR2dmR1KliB,136,125,101.39037560075813
5a764c308fe2dc0001057389,30.0,Male,Less than high school,top left,circle,371.8181818181818,140.0,https://hujipsych.au1.qualtrics.com/ControlPanel/Graphic.php?IM=IM_8iTQENQKp4ofTOl,136,125,236.2947626927712
5f221dbaf7e3456afd76efc2,20.0,Male,"Some college, no degree",bottom left,square,211.8181818181818,253.63636363636363,https://hujipsych.au1.qualtrics.com/ControlPanel/Graphic.php?IM=IM_b7NoRPBiEKUTCSx,182,405,154.27272727272728
5c7e019bbd99f10015b7a23f,44.0,Male,High school graduate (includes equivalency),top left,circle,150.9090909090909,125.45454545454545,https://hujipsych.au1.qualtrics.com/ControlPanel/Graphic.php?IM=IM_8latqR2dmR1KliB,136,125,14.91601834625397
586d6b28de1cea0001f7a125,42.0,Male,Bachelor's degree,bottom left,circle,347.27272727272725,99.0909090909091,https://hujipsych.au1.qualtrics.com/ControlPanel/Graphic.php?IM=IM_9GriGioJDRBy5Vj,182,405,347.7002247353195
5f881c7d29650a26096e77a3,28.0,Male,Bachelor's degree,right,circle,410.9090909090909,358.1818181818182,https://hujipsych.au1.qualtrics.com/ControlPanel/Graphic.php?IM=IM_9pn89UCXN7NgZa5,398,162,196.60607928856916
5f4f5d2da7606a000ab233c9,32.0,Male,"Some college, no degree",top left,circle,286.3636363636364,210.0,https://hujipsych.au1.qualtrics.com/ControlPanel/Graphic.php?IM=IM_8latqR2dmR1KliB,136,125,172.72586123825195
5f2b2c38344357530961afa1,18.0,Other or prefer not to say,High school graduate (includes equivalency),bottom left,square,323.6363636363636,215.45454545454544,https://hujipsych.au1.qualtrics.com/ControlPanel/Graphic.php?IM=IM_9GriGioJDRBy5Vj,182,405,236.61855135000553
5bb535574cb73b00011437d0,23.0,Male,High school graduate (includes equivalency),top left,square,363.6363636363636,75.45454545454545,https://hujipsych.au1.qualtrics.com/ControlPanel/Graphic.php?IM=IM_8latqR2dmR1KliB,136,125,232.9658046059603
5f74b3a0d780450b219f8616,25.0,Female,Graduate or professional degree,right,circle,421.8181818181818,171.8181818181818,https://hujipsych.au1.qualtrics.com/ControlPanel/Graphic.php?IM=IM_9pn89UCXN7NgZa5,398,162,25.762423786182126
594f5f0b6208900001db0b8f,38.0,Female,High school graduate (includes equivalency),top left,circle,149.0909090909091,122.72727272727272,https://hujipsych.au1.qualtrics.com/ControlPanel/Graphic.php?IM=IM_8iTQENQKp4ofTOl,136,125,13.286729849087951
5fd233181288a604d357251c,19.0,Female,"Some college, no degree",right,circle,240.9090909090909,367.27272727272725,https://hujipsych.au1.qualtrics.com/ControlPanel/Graphic.php?IM=IM_9pn89UCXN7NgZa5,398,162,258.4849053252273
5f09db2ef3557806b03a9b8b,35.0,Male,High school graduate (includes equivalency),bottom left,square,300.0,78.18181818181817,https://hujipsych.au1.qualtrics.com/ControlPanel/Graphic.php?IM=IM_b7NoRPBiEKUTCSx,182,405,347.4681625227586
55be577afdf99b2d3095bded,28.0,Male,Graduate or professional degree,bottom left,circle,362.7272727272727,176.36363636363635,https://hujipsych.au1.qualtrics.com/ControlPanel/Graphic.php?IM=IM_b7NoRPBiEKUTCSx,182,405,291.43941717670504
